phoneme_id,phoneme,support,correct,incorrect,predicted_count,accuracy,accuracy_percent
45,inðˤ,1,0,1,0,0.0,0.0
142,θan,1,0,1,0,0.0,0.0
252,dˤun,1,0,1,0,0.0,0.0
286,ɣan,1,0,1,0,0.0,0.0
306,qun,1,0,1,0,0.0,0.0
315,kun,1,0,1,1,0.0,0.0
224,sin,0,0,0,1,0.0,0.0
25,antˤ,4,1,3,2,0.25,25.0
281,ɣi,18,9,9,11,0.5,50.0
16,ansˤ,4,2,2,3,0.5,50.0
277,ʕan,4,2,2,2,0.5,50.0
47,unð,2,1,1,2,0.5,50.0
50,unj,2,1,1,3,0.5,50.0
151,jan,2,1,1,1,0.5,50.0
187,ðan,2,1,1,2,0.5,50.0
296,fin,2,1,1,1,0.5,50.0
258,tˤuu,31,19,12,19,0.6129032258064516,61.29032258064516
3,nθ,14,9,5,10,0.6428571428571429,64.28571428571429
14,ndˤ,9,6,3,6,0.6666666666666666,66.66666666666666
39,ind,3,2,1,2,0.6666666666666666,66.66666666666666
48,unθ,3,2,1,2,0.6666666666666666,66.66666666666666
139,θaa,32,23,9,27,0.71875,71.875
253,tˤa,161,119,42,131,0.7391304347826086,73.91304347826086
304,qan,4,3,1,4,0.75,75.0
342,nun,4,3,1,4,0.75,75.0
61,qK,224,176,48,193,0.7857142857142857,78.57142857142857
22,anq,14,11,3,12,0.7857142857142857,78.57142857142857
137,θi,29,23,6,25,0.7931034482758621,79.3103448275862
256,tˤaa,78,62,16,73,0.7948717948717948,79.48717948717949
231,ʃuu,10,8,2,10,0.8,80.0
62,tˤK,66,53,13,56,0.803030303030303,80.3030303030303
2,nð,46,37,9,39,0.8043478260869565,80.43478260869566
141,θuu,31,25,6,27,0.8064516129032258,80.64516129032258
37,inq,11,9,2,10,0.8181818181818182,81.81818181818183
136,θa,130,107,23,115,0.823076923076923,82.3076923076923
284,ɣii,12,10,2,12,0.8333333333333334,83.33333333333334
322,lan,12,10,2,11,0.8333333333333334,83.33333333333334
341,nin,6,5,1,5,0.8333333333333334,83.33333333333334
86,tˤ,38,32,6,34,0.8421052631578947,84.21052631578947
207,rMun,19,16,3,16,0.8421052631578947,84.21052631578947
240,sˤuu,19,16,3,17,0.8421052631578947,84.21052631578947
353,wi,45,38,7,42,0.8444444444444444,84.44444444444444
135,tun,14,12,2,14,0.8571428571428571,85.71428571428571
180,dun,7,6,1,6,0.8571428571428571,85.71428571428571
65,dK,521,448,73,475,0.8598848368522073,85.98848368522073
10,ntˤ,22,19,3,20,0.8636363636363636,86.36363636363636
357,wuu,22,19,3,20,0.8636363636363636,86.36363636363636
283,ɣaa,59,51,8,56,0.864406779661017,86.4406779661017
255,tˤu,15,13,2,14,0.8666666666666667,86.66666666666667
32,inð,8,7,1,7,0.875,87.5
38,ins,8,7,1,8,0.875,87.5
219,su,172,152,20,160,0.8837209302325582,88.37209302325581
34,ink,18,16,2,18,0.8888888888888888,88.88888888888889
117,ʔun,9,8,1,9,0.8888888888888888,88.88888888888889
160,ħan,9,8,1,8,0.8888888888888888,88.88888888888889
230,ʃii,9,8,1,9,0.8888888888888888,88.88888888888889
267,ðˤuu,9,8,1,8,0.8888888888888888,88.88888888888889
175,daa,192,171,21,188,0.890625,89.0625
183,ðu,49,44,5,44,0.8979591836734694,89.79591836734694
336,nu,378,340,38,361,0.8994708994708994,89.94708994708994
181,ða,290,261,29,274,0.9,90.0
116,ʔin,20,18,2,19,0.9,90.0
131,tii,91,82,9,91,0.9010989010989011,90.10989010989012
262,ðˤa,71,64,7,68,0.9014084507042254,90.14084507042254
362,yi,112,101,11,103,0.9017857142857143,90.17857142857143
280,ɣa,153,138,15,150,0.9019607843137255,90.19607843137256
209,zi,84,76,8,79,0.9047619047619048,90.47619047619048
246,dˤu,53,48,5,52,0.9056603773584906,90.56603773584906
138,θu,181,164,17,167,0.9060773480662984,90.60773480662984
177,duu,245,222,23,241,0.9061224489795918,90.61224489795919
133,tan,32,29,3,31,0.90625,90.625
186,ðuu,43,39,4,43,0.9069767441860465,90.69767441860465
96,h,369,335,34,359,0.907859078590786,90.78590785907859
182,ði,274,249,25,260,0.9087591240875912,90.87591240875912
85,dˤ,88,80,8,85,0.9090909090909091,90.9090909090909
21,anʃ,11,10,1,11,0.9090909090909091,90.9090909090909
52,unq,11,10,1,14,0.9090909090909091,90.9090909090909
354,wu,56,51,5,55,0.9107142857142857,91.07142857142857
156,ħu,79,72,7,76,0.9113924050632911,91.13924050632912
249,dˤuu,34,31,3,32,0.9117647058823529,91.17647058823529
168,xuu,12,11,1,11,0.9166666666666666,91.66666666666666
213,zuu,12,11,1,11,0.9166666666666666,91.66666666666666
72,t,634,582,52,606,0.917981072555205,91.7981072555205
244,dˤa,149,137,12,157,0.9194630872483222,91.94630872483222
63,bK,510,469,41,516,0.9196078431372549,91.96078431372548
332,min,25,23,2,23,0.92,92.0
90,f,263,242,21,259,0.9201520912547528,92.01520912547528
12,nf,88,81,7,92,0.9204545454545454,92.04545454545455
113,ʔii,38,35,3,39,0.9210526315789473,92.10526315789474
237,sˤu,64,59,5,62,0.921875,92.1875
254,tˤi,65,60,5,66,0.9230769230769231,92.3076923076923
19,ank,26,24,2,25,0.9230769230769231,92.3076923076923
263,ðˤi,26,24,2,27,0.9230769230769231,92.3076923076923
299,qi,213,197,16,206,0.9248826291079812,92.48826291079813
290,fi,482,446,36,476,0.9253112033195021,92.5311203319502
87,ðˤ,67,62,5,66,0.9253731343283582,92.53731343283582
311,kii,67,62,5,73,0.9253731343283582,92.53731343283582
173,di,228,211,17,223,0.9254385964912281,92.54385964912281
74,j,55,51,4,54,0.9272727272727272,92.72727272727272
89,ɣ,124,115,9,119,0.9274193548387096,92.74193548387096
164,xi,124,115,9,121,0.9274193548387096,92.74193548387096
273,ʕu,181,168,13,183,0.9281767955801105,92.81767955801105
293,fii,392,364,28,381,0.9285714285714286,92.85714285714286
285,ɣuu,14,13,1,16,0.9285714285714286,92.85714285714286
291,fu,128,119,9,128,0.9296875,92.96875
210,zu,57,53,4,56,0.9298245614035088,92.98245614035088
155,ħi,146,136,10,142,0.9315068493150684,93.15068493150685
122,bii,263,245,18,263,0.9315589353612167,93.15589353612167
205,rMan,15,14,1,14,0.9333333333333333,93.33333333333333
331,man,15,14,1,16,0.9333333333333333,93.33333333333333
355,waa,272,254,18,265,0.9338235294117647,93.38235294117648
222,suu,93,87,6,93,0.9354838709677419,93.54838709677419
149,jii,31,29,2,32,0.9354838709677419,93.54838709677419
150,juu,63,59,4,68,0.9365079365079365,93.65079365079364
272,ʕi,268,251,17,263,0.9365671641791045,93.65671641791045
356,wii,16,15,1,16,0.9375,93.75
294,fuu,98,92,6,101,0.9387755102040817,93.87755102040816
57,unf,49,46,3,47,0.9387755102040817,93.87755102040816
366,yuu,66,62,4,67,0.9393939393939394,93.93939393939394
346,haa,645,606,39,652,0.9395348837209302,93.95348837209302
114,ʔuu,83,78,5,85,0.9397590361445783,93.97590361445783
218,si,268,252,16,261,0.9402985074626866,94.02985074626866
77,d,218,205,13,217,0.9403669724770642,94.03669724770643
120,bu,339,319,20,332,0.9410029498525073,94.10029498525073
228,ʃu,34,32,2,43,0.9411764705882353,94.11764705882352
18,anθ,17,16,1,16,0.9411764705882353,94.11764705882352
330,muu,294,277,17,287,0.9421768707482994,94.21768707482994
275,ʕii,104,98,6,108,0.9423076923076923,94.23076923076923
274,ʕaa,211,199,12,208,0.943127962085308,94.3127962085308
130,taa,229,216,13,224,0.9432314410480349,94.32314410480349
247,dˤaa,36,34,2,36,0.9444444444444444,94.44444444444444
75,ħ,385,364,21,382,0.9454545454545454,94.54545454545455
265,ðˤaa,55,52,3,57,0.9454545454545454,94.54545454545455
335,ni,351,332,19,346,0.9458689458689459,94.58689458689459
317,li,1295,1225,70,1271,0.9459459459459459,94.5945945945946
282,ɣu,37,35,2,38,0.9459459459459459,94.5945945945946
245,dˤi,151,143,8,150,0.9470198675496688,94.70198675496688
347,hii,321,304,17,323,0.9470404984423676,94.70404984423676
73,θ,76,72,4,79,0.9473684210526315,94.73684210526315
123,buu,174,165,9,175,0.9482758620689655,94.82758620689656
80,rM,720,683,37,714,0.9486111111111111,94.86111111111111
303,quu,235,223,12,249,0.948936170212766,94.8936170212766
94,m,2360,2240,120,2306,0.9491525423728814,94.91525423728814
172,da,492,467,25,533,0.9491869918699187,94.91869918699187
184,ðaa,538,511,27,531,0.949814126394052,94.9814126394052
333,mun,20,19,1,21,0.95,95.0
64,jK,282,268,14,282,0.950354609929078,95.0354609929078
118,ba,1008,959,49,1022,0.9513888888888888,95.13888888888889
83,ʃ,247,235,12,257,0.951417004048583,95.1417004048583
79,r,578,550,28,567,0.9515570934256056,95.15570934256056
70,ʔ,476,453,23,466,0.9516806722689075,95.16806722689076
202,rMaa,438,417,21,438,0.952054794520548,95.2054794520548
145,ja,440,419,21,438,0.9522727272727273,95.22727272727273
320,lii,231,220,11,232,0.9523809523809523,95.23809523809523
129,tu,842,802,40,833,0.9524940617577197,95.24940617577197
146,ji,190,181,9,192,0.9526315789473684,95.26315789473684
128,ti,681,649,32,698,0.9530102790014684,95.30102790014683
159,ħuu,65,62,3,69,0.9538461538461539,95.38461538461539
84,sˤ,306,292,14,303,0.954248366013072,95.42483660130719
147,ju,89,85,4,91,0.9550561797752809,95.50561797752809
325,ma,1849,1766,83,1844,0.955110870740941,95.5110870740941
226,ʃa,313,299,14,313,0.9552715654952076,95.52715654952077
8,ns,90,86,4,90,0.9555555555555556,95.55555555555556
95,n,2386,2281,105,2399,0.9559932942162616,95.59932942162615
327,mu,1138,1088,50,1134,0.9560632688927944,95.60632688927943
78,ð,392,375,17,391,0.9566326530612245,95.66326530612244
344,hi,815,780,35,799,0.9570552147239264,95.70552147239265
338,nii,328,314,14,328,0.9573170731707317,95.73170731707317
88,ʕ,664,636,28,662,0.9578313253012049,95.78313253012048
300,qu,332,318,14,333,0.9578313253012049,95.78313253012048
308,ki,261,250,11,269,0.9578544061302682,95.78544061302682
266,ðˤii,48,46,2,49,0.9583333333333334,95.83333333333334
345,hu,1731,1659,72,1702,0.9584055459272097,95.84055459272098
127,ta,1890,1812,78,1896,0.9587301587301588,95.87301587301587
343,ha,462,443,19,453,0.9588744588744589,95.88744588744589
217,sa,725,696,29,722,0.96,96.0
82,s,751,721,30,749,0.9600532623169108,96.00532623169109
119,bi,1458,1400,58,1462,0.9602194787379973,96.02194787379973
176,dii,176,169,7,187,0.9602272727272727,96.02272727272727
91,q,128,123,5,129,0.9609375,96.09375
111,ʔu,333,320,13,328,0.960960960960961,96.09609609609609
298,qa,849,816,33,926,0.9611307420494699,96.113074204947
76,x,206,198,8,204,0.9611650485436893,96.11650485436894
9,nd,106,102,4,106,0.9622641509433962,96.22641509433963
174,du,241,232,9,245,0.9626556016597511,96.2655601659751
271,ʕa,1714,1650,64,1692,0.9626604434072346,96.26604434072345
7,nq,108,104,4,113,0.9629629629629629,96.29629629629629
6,nʃ,54,52,2,53,0.9629629629629629,96.29629629629629
363,yu,519,500,19,520,0.9633911368015414,96.33911368015414
239,sˤii,55,53,2,55,0.9636363636363636,96.36363636363636
339,nuu,364,351,13,379,0.9642857142857143,96.42857142857143
321,luu,478,461,17,487,0.9644351464435147,96.44351464435147
67,mm,1393,1344,49,1405,0.964824120603015,96.4824120603015
264,ðˤu,57,55,2,57,0.9649122807017544,96.49122807017544
208,za,172,166,6,170,0.9651162790697675,96.51162790697676
361,ya,1751,1691,60,1743,0.9657338663620788,96.57338663620789
352,wa,3862,3731,131,3851,0.9660797514241326,96.60797514241327
307,ka,1401,1354,47,1431,0.966452533904354,96.6452533904354
5,nj,30,29,1,34,0.9666666666666667,96.66666666666667
68,yy,246,238,8,245,0.967479674796748,96.7479674796748
92,k,339,328,11,359,0.967551622418879,96.7551622418879
326,mi,1473,1426,47,1483,0.9680923285811269,96.8092328581127
318,lu,408,395,13,410,0.9681372549019608,96.81372549019608
98,y,1322,1280,42,1327,0.9682299546142209,96.8229954614221
201,rMu,347,336,11,364,0.968299711815562,96.82997118155619
121,baa,285,276,9,309,0.968421052631579,96.84210526315789
364,yaa,444,430,14,447,0.9684684684684685,96.84684684684684
97,w,987,956,31,994,0.9685916919959473,96.85916919959473
220,saa,255,247,8,255,0.9686274509803922,96.86274509803921
301,qaa,544,527,17,550,0.96875,96.875
194,rii,256,248,8,257,0.96875,96.875
93,l,4749,4602,147,4745,0.969046114971573,96.9046114971573
204,rMuu,423,410,13,430,0.9692671394799054,96.92671394799054
337,naa,1313,1273,40,1307,0.9695354150799695,96.95354150799696
319,laa,2074,2011,63,2085,0.9696239151398264,96.96239151398264
191,ri,496,481,15,506,0.969758064516129,96.9758064516129
328,maa,1261,1223,38,1272,0.9698651863600317,96.98651863600317
289,fa,1661,1611,50,1667,0.9698976520168573,96.98976520168573
334,na,3188,3095,93,3214,0.9708281053952321,97.08281053952321
348,huu,517,502,15,531,0.9709864603481625,97.09864603481626
316,la,3719,3612,107,3686,0.9712288249529444,97.12288249529443
329,mii,247,240,7,256,0.97165991902834,97.16599190283401
185,ðii,475,462,13,477,0.9726315789473684,97.26315789473684
140,θii,37,36,1,42,0.972972972972973,97.2972972972973
292,faa,113,110,3,119,0.9734513274336283,97.34513274336283
199,rMa,1567,1526,41,1569,0.9738353541799617,97.38353541799617
309,ku,1044,1017,27,1068,0.9741379310344828,97.41379310344827
310,kaa,387,377,10,397,0.9741602067183462,97.41602067183463
110,ʔi,2291,2232,59,2295,0.9742470536883457,97.42470536883458
42,inf,39,38,1,40,0.9743589743589743,97.43589743589743
109,ʔa,2975,2899,76,2992,0.9744537815126051,97.44537815126051
166,xaa,118,115,3,122,0.9745762711864406,97.45762711864407
112,ʔaa,553,539,14,557,0.9746835443037974,97.46835443037975
365,yii,40,39,1,44,0.975,97.5
235,sˤa,202,197,5,204,0.9752475247524752,97.52475247524752
229,ʃaa,81,79,2,81,0.9753086419753086,97.53086419753086
69,ww,454,443,11,456,0.9757709251101322,97.57709251101322
66,nn,1471,1436,35,1488,0.9762066621346023,97.62066621346023
71,b,566,553,13,576,0.9770318021201413,97.70318021201413
163,xa,349,341,8,354,0.9770773638968482,97.70773638968481
276,ʕuu,224,219,5,222,0.9776785714285714,97.76785714285714
0,<sil>,5640,5518,122,5634,0.9783687943262411,97.83687943262412
27,anf,95,93,2,99,0.9789473684210527,97.89473684210527
13,nt,345,338,7,353,0.9797101449275363,97.97101449275362
227,ʃi,99,97,2,104,0.9797979797979798,97.97979797979798
148,jaa,154,151,3,157,0.9805194805194806,98.05194805194806
154,ħa,474,465,9,486,0.9810126582278481,98.10126582278481
157,ħaa,162,159,3,166,0.9814814814814815,98.14814814814815
238,sˤaa,173,170,3,173,0.9826589595375722,98.26589595375722
11,nz,59,58,1,59,0.9830508474576272,98.30508474576271
236,sˤi,119,117,2,121,0.9831932773109243,98.31932773109243
158,ħii,123,121,2,128,0.983739837398374,98.3739837398374
257,tˤii,64,63,1,64,0.984375,98.4375
211,zaa,68,67,1,69,0.9852941176470589,98.52941176470588
132,tuu,75,74,1,76,0.9866666666666667,98.66666666666667
302,qii,155,153,2,161,0.9870967741935484,98.70967741935483
4,nk,199,197,2,205,0.9899497487437185,98.99497487437185
312,kuu,121,120,1,137,0.9917355371900827,99.17355371900827
81,z,133,132,1,133,0.9924812030075187,99.24812030075188
212,zii,90,90,0,94,1.0,100.0
165,xu,55,55,0,55,1.0,100.0
15,nðˤ,52,52,0,57,1.0,100.0
134,tin,38,38,0,39,1.0,100.0
1,nsˤ,34,34,0,34,1.0,100.0
221,sii,31,31,0,33,1.0,100.0
126,bun,22,22,0,23,1.0,100.0
197,rin,19,19,0,19,1.0,100.0
248,dˤii,19,19,0,24,1.0,100.0
49,unk,16,16,0,16,1.0,100.0
167,xii,12,12,0,13,1.0,100.0
115,ʔan,11,11,0,12,1.0,100.0
340,nan,11,11,0,11,1.0,100.0
20,anj,10,10,0,10,1.0,100.0
28,ant,10,10,0,10,1.0,100.0
324,lun,10,10,0,10,1.0,100.0
188,ðin,9,9,0,9,1.0,100.0
323,lin,9,9,0,9,1.0,100.0
23,ans,8,8,0,8,1.0,100.0
36,inʃ,8,8,0,8,1.0,100.0
179,din,8,8,0,8,1.0,100.0
305,qin,8,8,0,9,1.0,100.0
17,anð,7,7,0,7,1.0,100.0
43,int,7,7,0,7,1.0,100.0
124,ban,7,7,0,7,1.0,100.0
178,dan,7,7,0,7,1.0,100.0
125,bin,6,6,0,6,1.0,100.0
349,han,6,6,0,7,1.0,100.0
24,and,5,5,0,5,1.0,100.0
29,andˤ,5,5,0,6,1.0,100.0
58,unt,5,5,0,5,1.0,100.0
279,ʕun,5,5,0,5,1.0,100.0
297,fun,5,5,0,5,1.0,100.0
51,unʃ,4,4,0,4,1.0,100.0
162,ħun,4,4,0,4,1.0,100.0
259,tˤan,4,4,0,4,1.0,100.0
358,wan,4,4,0,4,1.0,100.0
367,yan,4,4,0,4,1.0,100.0
33,inθ,3,3,0,4,1.0,100.0
35,inj,3,3,0,3,1.0,100.0
161,ħin,3,3,0,3,1.0,100.0
250,dˤan,3,3,0,3,1.0,100.0
260,tˤin,3,3,0,3,1.0,100.0
369,yun,3,3,0,3,1.0,100.0
31,insˤ,2,2,0,2,1.0,100.0
40,intˤ,2,2,0,3,1.0,100.0
41,inz,2,2,0,2,1.0,100.0
143,θin,2,2,0,2,1.0,100.0
215,zin,2,2,0,2,1.0,100.0
216,zun,2,2,0,2,1.0,100.0
223,san,2,2,0,2,1.0,100.0
251,dˤin,2,2,0,2,1.0,100.0
261,tˤun,2,2,0,2,1.0,100.0
313,kan,2,2,0,2,1.0,100.0
314,kin,2,2,0,2,1.0,100.0
350,hin,2,2,0,2,1.0,100.0
368,yin,2,2,0,2,1.0,100.0
26,anz,1,1,0,1,1.0,100.0
30,anðˤ,1,1,0,1,1.0,100.0
46,unsˤ,1,1,0,1,1.0,100.0
53,uns,1,1,0,1,1.0,100.0
59,undˤ,1,1,0,1,1.0,100.0
101,i,1,1,0,1,1.0,100.0
104,ii,1,1,0,1,1.0,100.0
152,jin,1,1,0,1,1.0,100.0
169,xan,1,1,0,1,1.0,100.0
214,zan,1,1,0,1,1.0,100.0
234,ʃun,1,1,0,1,1.0,100.0
269,ðˤin,1,1,0,1,1.0,100.0
270,ðˤun,1,1,0,1,1.0,100.0
278,ʕin,1,1,0,1,1.0,100.0
295,fan,1,1,0,1,1.0,100.0
360,wun,1,1,0,1,1.0,100.0
